actor,split
1001,train
1002,train
1003,train
1004,test
1005,train
1006,val
1007,test
1008,train
1009,train
1010,train
1011,train
1012,train
1013,train
1014,train
1015,train
1016,test
1017,train
1018,train
1019,test
1020,train
1021,train
1022,train
1023,val
1024,train
1025,train
1026,train
1027,test
1028,train
1029,val
1030,train
1031,train
1032,test
1033,train
1034,train
1035,val
1036,train
1037,train
1038,train
1039,val
1040,test
1041,train
1042,val
1043,train
1044,train
1045,train
1046,test
1047,test
1048,train
1049,test
1050,train
1051,val
1052,train
1053,train
1054,train
1055,train
1056,train
1057,train
1058,val
1059,train
1060,train
1061,val
1062,train
1063,train
1064,val
1065,train
1066,train
1067,train
1068,train
1069,train
1070,train
1071,train
1072,train
1073,train
1074,train
1075,train
1076,train
1077,train
1078,val
1079,train
1080,test
1081,train
1082,val
1083,train
1084,test
1085,train
1086,test
1087,val
1088,train
1089,train
1090,train
1091,train
